,,,,,,,,,,,,,,,,,,,,,,,,,,,,,,,,,,,,,,,,,,,,,,,,,,,,,,,,,,,,,,,,,,,,,,,,,,,,,,,,,,,,,,,,,,,,,,,,,,,,,,,,,,,,,,,,,,,,,,,,,,,,,,,,,,,,,,,,,,,,,,,,,,,,,,,,,,,,,,,,,,,,,,,,,,,,,,,,,,**END**
,,,,,,,,,,,,,,,,,,,,,,,,,,,,,,,,,,,,,,,,,,,,,,,,,,,,,,,,,,,,,,,,,,,,,,,,,,,,,,,,,,,,,,,,,,,,,,,,,,,,,,,,,,,,,,,,,,,,,,,,,,,,,,,,,,,,,,,,,,,,,,,,,,,,,,,,,,,,,,,,,,,,,,,,,,,,,,,,,,**END**
Scenario,NR,Index,Description,Test Full Name,Batch,Load,% Granulation,Expected Response,Time-out(s),Pre-wait(s),Card Select,PAN,Key Select,MSG Type,DE02,DE03,DE04,DE05,DE06,DE07,DE08,DE09,DE10,DE11,DE12,DE13,DE14,DE15,DE16,DE17,DE18,DE19,DE20,DE21,DE22,DE23,DE24,DE25,DE26,DE27,DE28,DE29,DE30,DE31,DE32,DE33,DE34,DE35,DE36,DE37,DE38,DE39,DE40,DE41,DE42,DE43,DE44,DE45,DE46,DE47,DE48,DE48_ID,DE49,DE50,DE51,DE52,DE53,DE54,DE55,DE55_4F,DE55_50,DE55_5A,DE55_5F2A,DE55_5F24,DE55_5F34,DE55_82,DE55_84,DE55_8A,DE55_95,DE55_9A,DE55_9B,DE55_9C,DE55_9F02,DE55_9F03,DE55_9F06,DE55_9F09,DE55_9F10,DE55_9F12,DE55_9F1A,DE55_9F1E,DE55_9F26,DE55_9F27,DE55_9F33,DE55_9F34,DE55_9F35,DE55_9F36,DE55_9F37,DE55_9F6E,DE55_9F7C,DE55_9F5B,DE55_9F53,DE55_9F41,DE55_9F45,DE56,DE57,DE58,DE59,DE60,DE61,DE62,DE62_ID,DE63,DE64,DE66,DE67,DE68,DE69,DE70,DE71,DE72,DE73,DE74,DE75,DE76,DE77,DE78,DE79,DE80,DE81,DE82,DE83,DE84,DE85,DE86,DE87,DE88,DE89,DE90,DE91,DE92,DE93,DE94,DE95,DE96,DE97,DE98,DE99,DE100,DE101,DE102,DE103,DE104,DE105,DE106,DE107,DE108,DE109,DE110,DE111,DE112,DE113,DE114,DE115,DE116,DE117,DE118,DE119,DE120,DE121,DE122,DE123,DE123_Tags_Data,DE124,DE125,DE126,DE127,DE128,**END**
ISO8583-93,01,1,Network Management,ISO8583-93.01.1,YES,NO,**NOVALUE**,00,**NOVALUE**,**NOVALUE**,NO_CARD,Account/PAN,NO_KEY,0800,**NOVALUE**,000000,**NOVALUE**,**NOVALUE**,**NOVALUE**,**SYSTEM**,**NOVALUE**,**NOVALUE**,**NOVALUE**,**SYSTEM**,**SYSTEM**,**SYSTEM**,**NOVALUE**,**NOVALUE**,**NOVALUE**,**NOVALUE**,**NOVALUE**,**NOVALUE**,**NOVALUE**,**NOVALUE**,**NOVALUE**,**NOVALUE**,**NOVALUE**,**NOVALUE**,**NOVALUE**,**NOVALUE**,**NOVALUE**,**NOVALUE**,**NOVALUE**,**NOVALUE**,**NOVALUE**,**NOVALUE**,**NOVALUE**,**NOVALUE**,**NOVALUE**,**NOVALUE**,**NOVALUE**,**NOVALUE**,**NOVALUE**,20390059,**NOVALUE**,**NOVALUE**,**NOVALUE**,**NOVALUE**,**NOVALUE**,**NOVALUE**,**NOVALUE**,NO_F48,**NOVALUE**,**NOVALUE**,**NOVALUE**,**NOVALUE**,**NOVALUE**,**NOVALUE**,**NOVALUE**,**NOVALUE**,**NOVALUE**,**NOVALUE**,**NOVALUE**,**NOVALUE**,**NOVALUE**,**NOVALUE**,**NOVALUE**,**NOVALUE**,**NOVALUE**,**NOVALUE**,**NOVALUE**,**NOVALUE**,**NOVALUE**,**NOVALUE**,**NOVALUE**,**NOVALUE**,**NOVALUE**,**NOVALUE**,**NOVALUE**,**NOVALUE**,**NOVALUE**,**NOVALUE**,**NOVALUE**,**NOVALUE**,**NOVALUE**,**NOVALUE**,**NOVALUE**,**NOVALUE**,**NOVALUE**,**NOVALUE**,**NOVALUE**,**NOVALUE**,**NOVALUE**,**NOVALUE**,**NOVALUE**,**NOVALUE**,**NOVALUE**,**NOVALUE**,**NOVALUE**,**NOVALUE**,NO_F62,**NOVALUE**,**NOVALUE**,**NOVALUE**,**NOVALUE**,**NOVALUE**,**NOVALUE**,000,**NOVALUE**,**NOVALUE**,**NOVALUE**,**NOVALUE**,**NOVALUE**,**NOVALUE**,**NOVALUE**,**NOVALUE**,**NOVALUE**,**NOVALUE**,**NOVALUE**,**NOVALUE**,**NOVALUE**,**NOVALUE**,**NOVALUE**,**NOVALUE**,**NOVALUE**,**NOVALUE**,**NOVALUE**,**NOVALUE**,**NOVALUE**,**NOVALUE**,**NOVALUE**,**NOVALUE**,**NOVALUE**,**NOVALUE**,**NOVALUE**,**NOVALUE**,**NOVALUE**,**NOVALUE**,**NOVALUE**,**NOVALUE**,**NOVALUE**,**NOVALUE**,**NOVALUE**,**NOVALUE**,**NOVALUE**,**NOVALUE**,**NOVALUE**,**NOVALUE**,**NOVALUE**,**NOVALUE**,**NOVALUE**,**NOVALUE**,**NOVALUE**,**NOVALUE**,**NOVALUE**,**NOVALUE**,**NOVALUE**,**NOVALUE**,**NOVALUE**,**NOVALUE**,**NOVALUE**,NO_TAG,**NOVALUE**,**NOVALUE**,**NOVALUE**,**NOVALUE**,**NOVALUE**,**END**
ISO8583-93,02,1,Authorization ,ISO8583-93.02.1,YES,NO,**NOVALUE**,00,**NOVALUE**,**NOVALUE**,DummyCard1,Account/PAN,1,0100,9876500000306082,010000,000000005000,**NOVALUE**,**NOVALUE**,**SYSTEM**,**NOVALUE**,**NOVALUE**,**NOVALUE**,**SYSTEM**,**SYSTEM**,**SYSTEM**,**SYSTEM**,**NOVALUE**,**NOVALUE**,**NOVALUE**,5961,**NOVALUE**,**NOVALUE**,**NOVALUE**,020000020000,000,**NOVALUE**,00,5399,**NOVALUE**,000000000,**NOVALUE**,**NOVALUE**,**NOVALUE**,27610000001,**NOVALUE**,**NOVALUE**,**SYSTEM**,**NOVALUE**,**SYSTEM**,**NOVALUE**,**NOVALUE**,**NOVALUE**,20390059,111120000012,contact@neaPay.com\Almere-Amsterdam\Netherlands\ iso8583-simulator,**NOVALUE**,**NOVALUE**,**NOVALUE**,**NOVALUE**,**NOVALUE**,NO_F48,566,**NOVALUE**,566,**SYSTEM**,**NOVALUE**,**NOVALUE**,**NOVALUE**,**NOVALUE**,**NOVALUE**,**NOVALUE**,**NOVALUE**,**NOVALUE**,**NOVALUE**,**NOVALUE**,**NOVALUE**,**NOVALUE**,**NOVALUE**,**NOVALUE**,**NOVALUE**,**NOVALUE**,**NOVALUE**,**NOVALUE**,**NOVALUE**,**NOVALUE**,**NOVALUE**,**NOVALUE**,**NOVALUE**,**NOVALUE**,**NOVALUE**,**NOVALUE**,**NOVALUE**,**NOVALUE**,**NOVALUE**,**NOVALUE**,**NOVALUE**,**NOVALUE**,**NOVALUE**,**NOVALUE**,**NOVALUE**,**NOVALUE**,**NOVALUE**,**NOVALUE**,**NOVALUE**,**NOVALUE**,**NOVALUE**,**NOVALUE**,**NOVALUE**,**NOVALUE**,NO_F62,**NOVALUE**,**NOVALUE**,**NOVALUE**,**NOVALUE**,**NOVALUE**,**NOVALUE**,**NOVALUE**,**NOVALUE**,**NOVALUE**,**NOVALUE**,**NOVALUE**,**NOVALUE**,**NOVALUE**,**NOVALUE**,**NOVALUE**,**NOVALUE**,**NOVALUE**,**NOVALUE**,**NOVALUE**,**NOVALUE**,**NOVALUE**,**NOVALUE**,**NOVALUE**,**NOVALUE**,**NOVALUE**,**NOVALUE**,**NOVALUE**,**NOVALUE**,**NOVALUE**,**NOVALUE**,**NOVALUE**,**NOVALUE**,**NOVALUE**,**NOVALUE**,**NOVALUE**,**NOVALUE**,**NOVALUE**,**NOVALUE**,**NOVALUE**,**NOVALUE**,**NOVALUE**,**NOVALUE**,**NOVALUE**,**NOVALUE**,**NOVALUE**,**NOVALUE**,**NOVALUE**,**NOVALUE**,**NOVALUE**,**NOVALUE**,**NOVALUE**,**NOVALUE**,**NOVALUE**,**NOVALUE**,**NOVALUE**,**NOVALUE**,**NOVALUE**,**NOVALUE**,**NOVALUE**,**NOVALUE**,NO_TAG,**NOVALUE**,**NOVALUE**,**NOVALUE**,**NOVALUE**,**SYSTEM**,**END**
ISO8583-93,03,1,Financial ,ISO8583-93.03.1,YES,NO,**NOVALUE**,00,**NOVALUE**,**NOVALUE**,DummyCard1,Account/PAN,1,0200,9876500000306082,010000,000000005000,**NOVALUE**,**NOVALUE**,**SYSTEM**,**NOVALUE**,**NOVALUE**,**NOVALUE**,**SYSTEM**,**SYSTEM**,**SYSTEM**,**SYSTEM**,**NOVALUE**,**NOVALUE**,**NOVALUE**,5961,**NOVALUE**,**NOVALUE**,**NOVALUE**,020000020000,000,**NOVALUE**,00,5399,**NOVALUE**,000000000,**NOVALUE**,**NOVALUE**,**NOVALUE**,27610000001,**NOVALUE**,**NOVALUE**,**SYSTEM**,**NOVALUE**,**SYSTEM**,**NOVALUE**,**NOVALUE**,**NOVALUE**,20390059,111120000012,contact@neaPay.com\Almere-Amsterdam\Netherlands\ iso8583-simulator,**NOVALUE**,**NOVALUE**,**NOVALUE**,**NOVALUE**,**NOVALUE**,NO_F48,566,**NOVALUE**,566,**SYSTEM**,**NOVALUE**,**NOVALUE**,**NOVALUE**,**NOVALUE**,**NOVALUE**,**NOVALUE**,**NOVALUE**,**NOVALUE**,**NOVALUE**,**NOVALUE**,**NOVALUE**,**NOVALUE**,**NOVALUE**,**NOVALUE**,**NOVALUE**,**NOVALUE**,**NOVALUE**,**NOVALUE**,**NOVALUE**,**NOVALUE**,**NOVALUE**,**NOVALUE**,**NOVALUE**,**NOVALUE**,**NOVALUE**,**NOVALUE**,**NOVALUE**,**NOVALUE**,**NOVALUE**,**NOVALUE**,**NOVALUE**,**NOVALUE**,**NOVALUE**,**NOVALUE**,**NOVALUE**,**NOVALUE**,**NOVALUE**,**NOVALUE**,**NOVALUE**,**NOVALUE**,**NOVALUE**,**NOVALUE**,**NOVALUE**,**NOVALUE**,NO_F62,**NOVALUE**,**NOVALUE**,**NOVALUE**,**NOVALUE**,**NOVALUE**,**NOVALUE**,**NOVALUE**,**NOVALUE**,**NOVALUE**,**NOVALUE**,**NOVALUE**,**NOVALUE**,**NOVALUE**,**NOVALUE**,**NOVALUE**,**NOVALUE**,**NOVALUE**,**NOVALUE**,**NOVALUE**,**NOVALUE**,**NOVALUE**,**NOVALUE**,**NOVALUE**,**NOVALUE**,**NOVALUE**,**NOVALUE**,**NOVALUE**,**NOVALUE**,**NOVALUE**,**NOVALUE**,**NOVALUE**,**NOVALUE**,**NOVALUE**,**NOVALUE**,**NOVALUE**,**NOVALUE**,**NOVALUE**,**NOVALUE**,**NOVALUE**,**NOVALUE**,**NOVALUE**,**NOVALUE**,**NOVALUE**,**NOVALUE**,**NOVALUE**,**NOVALUE**,**NOVALUE**,**NOVALUE**,**NOVALUE**,**NOVALUE**,**NOVALUE**,**NOVALUE**,**NOVALUE**,**NOVALUE**,**NOVALUE**,**NOVALUE**,**NOVALUE**,**NOVALUE**,**NOVALUE**,**NOVALUE**,NO_TAG,**NOVALUE**,**NOVALUE**,**NOVALUE**,**NOVALUE**,**SYSTEM**,**END**
ISO8583-93,04,1,Reversal ,ISO8583-93.04.1,YES,NO,**NOVALUE**,00,**NOVALUE**,**NOVALUE**,DummyCard1,Account/PAN,1,0420,**PREV_RQST**,**PREV_RQST**,**PREV_RQST**,**NOVALUE**,**NOVALUE**,**SYSTEM**,**NOVALUE**,**NOVALUE**,**NOVALUE**,**SYSTEM**,**SYSTEM**,**SYSTEM**,**SYSTEM**,**NOVALUE**,**NOVALUE**,**NOVALUE**,5961,**NOVALUE**,**NOVALUE**,**NOVALUE**,020000020000,000,**NOVALUE**,00,5399,**NOVALUE**,000000000,**NOVALUE**,**NOVALUE**,**NOVALUE**,27610000001,27610000003,**NOVALUE**,**SYSTEM**,**NOVALUE**,**PREV_RQST**,**NOVALUE**,**NOVALUE**,**NOVALUE**,**PREV_RQST**,**PREV_RQST**,**PREV_RQST**,**NOVALUE**,**NOVALUE**,**NOVALUE**,**NOVALUE**,**NOVALUE**,NO_F48,**PREV_RQST**,**NOVALUE**,**PREV_RQST**,**SYSTEM**,**NOVALUE**,**NOVALUE**,**NOVALUE**,**NOVALUE**,**NOVALUE**,**NOVALUE**,**NOVALUE**,**NOVALUE**,**NOVALUE**,**NOVALUE**,**NOVALUE**,**NOVALUE**,**NOVALUE**,**NOVALUE**,**NOVALUE**,**NOVALUE**,**NOVALUE**,**NOVALUE**,**NOVALUE**,**NOVALUE**,**NOVALUE**,**NOVALUE**,**NOVALUE**,**NOVALUE**,**NOVALUE**,**NOVALUE**,**NOVALUE**,**NOVALUE**,**NOVALUE**,**NOVALUE**,**NOVALUE**,**NOVALUE**,**NOVALUE**,**NOVALUE**,**NOVALUE**,**NOVALUE**,**NOVALUE**,**NOVALUE**,**NOVALUE**,**NOVALUE**,**NOVALUE**,**NOVALUE**,**NOVALUE**,**NOVALUE**,NO_F62,**NOVALUE**,**NOVALUE**,**NOVALUE**,**NOVALUE**,**NOVALUE**,**NOVALUE**,**NOVALUE**,**NOVALUE**,**NOVALUE**,**NOVALUE**,**NOVALUE**,**NOVALUE**,**NOVALUE**,**NOVALUE**,**NOVALUE**,**NOVALUE**,**NOVALUE**,**NOVALUE**,**NOVALUE**,**NOVALUE**,**NOVALUE**,**NOVALUE**,**NOVALUE**,**NOVALUE**,**NOVALUE**,**NOVALUE**,**NOVALUE**,**NOVALUE**,**NOVALUE**,**NOVALUE**,**NOVALUE**,**NOVALUE**,**NOVALUE**,**NOVALUE**,**NOVALUE**,**NOVALUE**,**NOVALUE**,**NOVALUE**,**NOVALUE**,**NOVALUE**,**NOVALUE**,**NOVALUE**,**NOVALUE**,**NOVALUE**,**NOVALUE**,**NOVALUE**,**NOVALUE**,**NOVALUE**,**NOVALUE**,**NOVALUE**,**NOVALUE**,**NOVALUE**,**NOVALUE**,**NOVALUE**,**NOVALUE**,**NOVALUE**,**NOVALUE**,**NOVALUE**,**NOVALUE**,**NOVALUE**,NO_TAG,**NOVALUE**,**NOVALUE**,**NOVALUE**,**NOVALUE**,**SYSTEM**,**END**
ISO8583-93,05,1,Network Management Sign On,ISO8583-93.05.1,YES,NO,**NOVALUE**,00,**NOVALUE**,**NOVALUE**,NO_CARD,Account/PAN,NO_KEY,0800,**NOVALUE**,000000,**NOVALUE**,**NOVALUE**,**NOVALUE**,**SYSTEM**,**NOVALUE**,**NOVALUE**,**NOVALUE**,**SYSTEM**,**SYSTEM**,**SYSTEM**,**NOVALUE**,**NOVALUE**,**NOVALUE**,**NOVALUE**,**NOVALUE**,**NOVALUE**,**NOVALUE**,**NOVALUE**,**NOVALUE**,**NOVALUE**,**NOVALUE**,**NOVALUE**,**NOVALUE**,**NOVALUE**,**NOVALUE**,**NOVALUE**,**NOVALUE**,**NOVALUE**,**NOVALUE**,**NOVALUE**,**NOVALUE**,**NOVALUE**,**NOVALUE**,**NOVALUE**,**NOVALUE**,**NOVALUE**,**NOVALUE**,20390059,**NOVALUE**,**NOVALUE**,**NOVALUE**,**NOVALUE**,**NOVALUE**,**NOVALUE**,**NOVALUE**,NO_F48,**NOVALUE**,**NOVALUE**,**NOVALUE**,**NOVALUE**,**NOVALUE**,**NOVALUE**,**NOVALUE**,**NOVALUE**,**NOVALUE**,**NOVALUE**,**NOVALUE**,**NOVALUE**,**NOVALUE**,**NOVALUE**,**NOVALUE**,**NOVALUE**,**NOVALUE**,**NOVALUE**,**NOVALUE**,**NOVALUE**,**NOVALUE**,**NOVALUE**,**NOVALUE**,**NOVALUE**,**NOVALUE**,**NOVALUE**,**NOVALUE**,**NOVALUE**,**NOVALUE**,**NOVALUE**,**NOVALUE**,**NOVALUE**,**NOVALUE**,**NOVALUE**,**NOVALUE**,**NOVALUE**,**NOVALUE**,**NOVALUE**,**NOVALUE**,**NOVALUE**,**NOVALUE**,**NOVALUE**,**NOVALUE**,**NOVALUE**,**NOVALUE**,**NOVALUE**,**NOVALUE**,**NOVALUE**,NO_F62,**NOVALUE**,**NOVALUE**,**NOVALUE**,**NOVALUE**,**NOVALUE**,**NOVALUE**,001,**NOVALUE**,**NOVALUE**,**NOVALUE**,**NOVALUE**,**NOVALUE**,**NOVALUE**,**NOVALUE**,**NOVALUE**,**NOVALUE**,**NOVALUE**,**NOVALUE**,**NOVALUE**,**NOVALUE**,**NOVALUE**,**NOVALUE**,**NOVALUE**,**NOVALUE**,**NOVALUE**,**NOVALUE**,**NOVALUE**,**NOVALUE**,**NOVALUE**,**NOVALUE**,**NOVALUE**,**NOVALUE**,**NOVALUE**,**NOVALUE**,**NOVALUE**,**NOVALUE**,**NOVALUE**,**NOVALUE**,**NOVALUE**,**NOVALUE**,**NOVALUE**,**NOVALUE**,**NOVALUE**,**NOVALUE**,**NOVALUE**,**NOVALUE**,**NOVALUE**,**NOVALUE**,**NOVALUE**,**NOVALUE**,**NOVALUE**,**NOVALUE**,**NOVALUE**,**NOVALUE**,**NOVALUE**,**NOVALUE**,**NOVALUE**,**NOVALUE**,**NOVALUE**,**NOVALUE**,NO_TAG,**NOVALUE**,**NOVALUE**,**NOVALUE**,**NOVALUE**,**NOVALUE**,**END**
ISO8583-93,06,1,Network Management Sign Off,ISO8583-93.06.1,YES,NO,**NOVALUE**,00,**NOVALUE**,**NOVALUE**,NO_CARD,Account/PAN,NO_KEY,0800,**NOVALUE**,000000,**NOVALUE**,**NOVALUE**,**NOVALUE**,**SYSTEM**,**NOVALUE**,**NOVALUE**,**NOVALUE**,**SYSTEM**,**SYSTEM**,**SYSTEM**,**NOVALUE**,**NOVALUE**,**NOVALUE**,**NOVALUE**,**NOVALUE**,**NOVALUE**,**NOVALUE**,**NOVALUE**,**NOVALUE**,**NOVALUE**,**NOVALUE**,**NOVALUE**,**NOVALUE**,**NOVALUE**,**NOVALUE**,**NOVALUE**,**NOVALUE**,**NOVALUE**,**NOVALUE**,**NOVALUE**,**NOVALUE**,**NOVALUE**,**NOVALUE**,**NOVALUE**,**NOVALUE**,**NOVALUE**,**NOVALUE**,20390059,**NOVALUE**,**NOVALUE**,**NOVALUE**,**NOVALUE**,**NOVALUE**,**NOVALUE**,**NOVALUE**,NO_F48,**NOVALUE**,**NOVALUE**,**NOVALUE**,**NOVALUE**,**NOVALUE**,**NOVALUE**,**NOVALUE**,**NOVALUE**,**NOVALUE**,**NOVALUE**,**NOVALUE**,**NOVALUE**,**NOVALUE**,**NOVALUE**,**NOVALUE**,**NOVALUE**,**NOVALUE**,**NOVALUE**,**NOVALUE**,**NOVALUE**,**NOVALUE**,**NOVALUE**,**NOVALUE**,**NOVALUE**,**NOVALUE**,**NOVALUE**,**NOVALUE**,**NOVALUE**,**NOVALUE**,**NOVALUE**,**NOVALUE**,**NOVALUE**,**NOVALUE**,**NOVALUE**,**NOVALUE**,**NOVALUE**,**NOVALUE**,**NOVALUE**,**NOVALUE**,**NOVALUE**,**NOVALUE**,**NOVALUE**,**NOVALUE**,**NOVALUE**,**NOVALUE**,**NOVALUE**,**NOVALUE**,**NOVALUE**,NO_F62,**NOVALUE**,**NOVALUE**,**NOVALUE**,**NOVALUE**,**NOVALUE**,**NOVALUE**,002,**NOVALUE**,**NOVALUE**,**NOVALUE**,**NOVALUE**,**NOVALUE**,**NOVALUE**,**NOVALUE**,**NOVALUE**,**NOVALUE**,**NOVALUE**,**NOVALUE**,**NOVALUE**,**NOVALUE**,**NOVALUE**,**NOVALUE**,**NOVALUE**,**NOVALUE**,**NOVALUE**,**NOVALUE**,**NOVALUE**,**NOVALUE**,**NOVALUE**,**NOVALUE**,**NOVALUE**,**NOVALUE**,**NOVALUE**,**NOVALUE**,**NOVALUE**,**NOVALUE**,**NOVALUE**,**NOVALUE**,**NOVALUE**,**NOVALUE**,**NOVALUE**,**NOVALUE**,**NOVALUE**,**NOVALUE**,**NOVALUE**,**NOVALUE**,**NOVALUE**,**NOVALUE**,**NOVALUE**,**NOVALUE**,**NOVALUE**,**NOVALUE**,**NOVALUE**,**NOVALUE**,**NOVALUE**,**NOVALUE**,**NOVALUE**,**NOVALUE**,**NOVALUE**,**NOVALUE**,NO_TAG,**NOVALUE**,**NOVALUE**,**NOVALUE**,**NOVALUE**,**NOVALUE**,**END**
ISO8583-93,07,1,POS Purchase,ISO8583-93.07.1,YES,NO,**NOVALUE**,00,**NOVALUE**,**NOVALUE**,DummyCard1,Account/PAN,1,0100,9876500000306082,000000,000000001000,**NOVALUE**,**NOVALUE**,**SYSTEM**,**NOVALUE**,**NOVALUE**,**NOVALUE**,**SYSTEM**,**SYSTEM**,**SYSTEM**,**SYSTEM**,**NOVALUE**,**NOVALUE**,**NOVALUE**,5961,**NOVALUE**,**NOVALUE**,**NOVALUE**,020000020000,000,**NOVALUE**,00,5399,**NOVALUE**,000000000,**NOVALUE**,**NOVALUE**,**NOVALUE**,27610000001,27610000003,**NOVALUE**,**SYSTEM**,**NOVALUE**,**SYSTEM**,**NOVALUE**,**NOVALUE**,**NOVALUE**,20390059,111120000012,contact@neaPay.com\Almere-Amsterdam\Netherlands\ iso8583-simulator,**NOVALUE**,**NOVALUE**,**NOVALUE**,**NOVALUE**,**NOVALUE**,NO_F48,566,**NOVALUE**,566,**SYSTEM**,**NOVALUE**,**NOVALUE**,**NOVALUE**,**NOVALUE**,**NOVALUE**,**NOVALUE**,**NOVALUE**,**NOVALUE**,**NOVALUE**,**NOVALUE**,**NOVALUE**,**NOVALUE**,**NOVALUE**,**NOVALUE**,**NOVALUE**,**NOVALUE**,**NOVALUE**,**NOVALUE**,**NOVALUE**,**NOVALUE**,**NOVALUE**,**NOVALUE**,**NOVALUE**,**NOVALUE**,**NOVALUE**,**NOVALUE**,**NOVALUE**,**NOVALUE**,**NOVALUE**,**NOVALUE**,**NOVALUE**,**NOVALUE**,**NOVALUE**,**NOVALUE**,**NOVALUE**,**NOVALUE**,**NOVALUE**,**NOVALUE**,**NOVALUE**,**NOVALUE**,**NOVALUE**,**NOVALUE**,**NOVALUE**,**NOVALUE**,NO_F62,**NOVALUE**,**NOVALUE**,**NOVALUE**,**NOVALUE**,**NOVALUE**,**NOVALUE**,**NOVALUE**,**NOVALUE**,**NOVALUE**,**NOVALUE**,**NOVALUE**,**NOVALUE**,**NOVALUE**,**NOVALUE**,**NOVALUE**,**NOVALUE**,**NOVALUE**,**NOVALUE**,**NOVALUE**,**NOVALUE**,**NOVALUE**,**NOVALUE**,**NOVALUE**,**NOVALUE**,**NOVALUE**,**NOVALUE**,**NOVALUE**,**NOVALUE**,**NOVALUE**,**NOVALUE**,**NOVALUE**,**NOVALUE**,**NOVALUE**,**NOVALUE**,**NOVALUE**,**NOVALUE**,**NOVALUE**,**NOVALUE**,**NOVALUE**,**NOVALUE**,**NOVALUE**,**NOVALUE**,**NOVALUE**,**NOVALUE**,**NOVALUE**,**NOVALUE**,**NOVALUE**,**NOVALUE**,**NOVALUE**,**NOVALUE**,**NOVALUE**,**NOVALUE**,**NOVALUE**,**NOVALUE**,**NOVALUE**,**NOVALUE**,**NOVALUE**,**NOVALUE**,**NOVALUE**,**NOVALUE**,NO_TAG,**NOVALUE**,**NOVALUE**,**NOVALUE**,**NOVALUE**,**SYSTEM**,**END**
ISO8583-93,08,1,POS Purchase Reversal,ISO8583-93.08.1,YES,NO,**NOVALUE**,00,**NOVALUE**,**NOVALUE**,DummyCard1,Account/PAN,1,0100,9876500000306082,000000,000000001000,**NOVALUE**,**NOVALUE**,**SYSTEM**,**NOVALUE**,**NOVALUE**,**NOVALUE**,**SYSTEM**,**SYSTEM**,**SYSTEM**,**SYSTEM**,**NOVALUE**,**NOVALUE**,**NOVALUE**,5961,**NOVALUE**,**NOVALUE**,**NOVALUE**,020000020000,000,**NOVALUE**,00,5399,**NOVALUE**,000000000,**NOVALUE**,**NOVALUE**,**NOVALUE**,27610000001,27610000003,**NOVALUE**,**SYSTEM**,**NOVALUE**,**SYSTEM**,**NOVALUE**,**NOVALUE**,**NOVALUE**,20390059,111120000012,contact@neaPay.com\Almere-Amsterdam\Netherlands\ iso8583-simulator,**NOVALUE**,**NOVALUE**,**NOVALUE**,**NOVALUE**,**NOVALUE**,NO_F48,566,**NOVALUE**,566,**SYSTEM**,**NOVALUE**,**NOVALUE**,**NOVALUE**,**NOVALUE**,**NOVALUE**,**NOVALUE**,**NOVALUE**,**NOVALUE**,**NOVALUE**,**NOVALUE**,**NOVALUE**,**NOVALUE**,**NOVALUE**,**NOVALUE**,**NOVALUE**,**NOVALUE**,**NOVALUE**,**NOVALUE**,**NOVALUE**,**NOVALUE**,**NOVALUE**,**NOVALUE**,**NOVALUE**,**NOVALUE**,**NOVALUE**,**NOVALUE**,**NOVALUE**,**NOVALUE**,**NOVALUE**,**NOVALUE**,**NOVALUE**,**NOVALUE**,**NOVALUE**,**NOVALUE**,**NOVALUE**,**NOVALUE**,**NOVALUE**,**NOVALUE**,**NOVALUE**,**NOVALUE**,**NOVALUE**,**NOVALUE**,**NOVALUE**,**NOVALUE**,NO_F62,**NOVALUE**,**NOVALUE**,**NOVALUE**,**NOVALUE**,**NOVALUE**,**NOVALUE**,**NOVALUE**,**NOVALUE**,**NOVALUE**,**NOVALUE**,**NOVALUE**,**NOVALUE**,**NOVALUE**,**NOVALUE**,**NOVALUE**,**NOVALUE**,**NOVALUE**,**NOVALUE**,**NOVALUE**,**NOVALUE**,**NOVALUE**,**NOVALUE**,**NOVALUE**,**NOVALUE**,**NOVALUE**,**NOVALUE**,**NOVALUE**,**NOVALUE**,**NOVALUE**,**NOVALUE**,**NOVALUE**,**NOVALUE**,**NOVALUE**,**NOVALUE**,**NOVALUE**,**NOVALUE**,**NOVALUE**,**NOVALUE**,**NOVALUE**,**NOVALUE**,**NOVALUE**,**NOVALUE**,**NOVALUE**,**NOVALUE**,**NOVALUE**,**NOVALUE**,**NOVALUE**,**NOVALUE**,**NOVALUE**,**NOVALUE**,**NOVALUE**,**NOVALUE**,**NOVALUE**,**NOVALUE**,**NOVALUE**,**NOVALUE**,**NOVALUE**,**NOVALUE**,**NOVALUE**,**NOVALUE**,NO_TAG,**NOVALUE**,**NOVALUE**,**NOVALUE**,**NOVALUE**,**SYSTEM**,**END**
ISO8583-93,09,1,POS Purchase Decline Response Code,ISO8583-93.09.1,YES,NO,**NOVALUE**,99,**NOVALUE**,**NOVALUE**,DummyCard1,Account/PAN,1,0100,9876500000306082,000000,000000001599,**NOVALUE**,**NOVALUE**,**SYSTEM**,**NOVALUE**,**NOVALUE**,**NOVALUE**,**SYSTEM**,**SYSTEM**,**SYSTEM**,**SYSTEM**,**NOVALUE**,**NOVALUE**,**NOVALUE**,5961,**NOVALUE**,**NOVALUE**,**NOVALUE**,020000020000,000,**NOVALUE**,00,5399,**NOVALUE**,000000000,**NOVALUE**,**NOVALUE**,**NOVALUE**,27610000001,27610000003,**NOVALUE**,**SYSTEM**,**NOVALUE**,**SYSTEM**,**NOVALUE**,**NOVALUE**,**NOVALUE**,20390059,111120000012,contact@neaPay.com\Almere-Amsterdam\Netherlands\ iso8583-simulator,**NOVALUE**,**NOVALUE**,**NOVALUE**,**NOVALUE**,**NOVALUE**,NO_F48,566,**NOVALUE**,566,**SYSTEM**,**NOVALUE**,**NOVALUE**,**NOVALUE**,**NOVALUE**,**NOVALUE**,**NOVALUE**,**NOVALUE**,**NOVALUE**,**NOVALUE**,**NOVALUE**,**NOVALUE**,**NOVALUE**,**NOVALUE**,**NOVALUE**,**NOVALUE**,**NOVALUE**,**NOVALUE**,**NOVALUE**,**NOVALUE**,**NOVALUE**,**NOVALUE**,**NOVALUE**,**NOVALUE**,**NOVALUE**,**NOVALUE**,**NOVALUE**,**NOVALUE**,**NOVALUE**,**NOVALUE**,**NOVALUE**,**NOVALUE**,**NOVALUE**,**NOVALUE**,**NOVALUE**,**NOVALUE**,**NOVALUE**,**NOVALUE**,**NOVALUE**,**NOVALUE**,**NOVALUE**,**NOVALUE**,**NOVALUE**,**NOVALUE**,**NOVALUE**,NO_F62,**NOVALUE**,**NOVALUE**,**NOVALUE**,**NOVALUE**,**NOVALUE**,**NOVALUE**,**NOVALUE**,**NOVALUE**,**NOVALUE**,**NOVALUE**,**NOVALUE**,**NOVALUE**,**NOVALUE**,**NOVALUE**,**NOVALUE**,**NOVALUE**,**NOVALUE**,**NOVALUE**,**NOVALUE**,**NOVALUE**,**NOVALUE**,**NOVALUE**,**NOVALUE**,**NOVALUE**,**NOVALUE**,**NOVALUE**,**NOVALUE**,**NOVALUE**,**NOVALUE**,**NOVALUE**,**NOVALUE**,**NOVALUE**,**NOVALUE**,**NOVALUE**,**NOVALUE**,**NOVALUE**,**NOVALUE**,**NOVALUE**,**NOVALUE**,**NOVALUE**,**NOVALUE**,**NOVALUE**,**NOVALUE**,**NOVALUE**,**NOVALUE**,**NOVALUE**,**NOVALUE**,**NOVALUE**,**NOVALUE**,**NOVALUE**,**NOVALUE**,**NOVALUE**,**NOVALUE**,**NOVALUE**,**NOVALUE**,**NOVALUE**,**NOVALUE**,**NOVALUE**,**NOVALUE**,**NOVALUE**,NO_TAG,**NOVALUE**,**NOVALUE**,**NOVALUE**,**NOVALUE**,**SYSTEM**,**END**
ISO8583-93,10,1,POS Purchase Decline Card Not Found,ISO8583-93.10.1,YES,NO,**NOVALUE**,00,**NOVALUE**,**NOVALUE**,DummyCard1,Account/PAN,1,0100,1000000000000000,000000,000000002000,**NOVALUE**,**NOVALUE**,**SYSTEM**,**NOVALUE**,**NOVALUE**,**NOVALUE**,**SYSTEM**,**SYSTEM**,**SYSTEM**,**SYSTEM**,**NOVALUE**,**NOVALUE**,**NOVALUE**,5961,**NOVALUE**,**NOVALUE**,**NOVALUE**,020000020000,000,**NOVALUE**,00,5399,**NOVALUE**,000000000,**NOVALUE**,**NOVALUE**,**NOVALUE**,27610000001,27610000003,**NOVALUE**,**SYSTEM**,**NOVALUE**,**SYSTEM**,**NOVALUE**,**NOVALUE**,**NOVALUE**,20390059,111120000012,contact@neaPay.com\Almere-Amsterdam\Netherlands\ iso8583-simulator,**NOVALUE**,**NOVALUE**,**NOVALUE**,**NOVALUE**,**NOVALUE**,NO_F48,566,**NOVALUE**,566,**SYSTEM**,**NOVALUE**,**NOVALUE**,**NOVALUE**,**NOVALUE**,**NOVALUE**,**NOVALUE**,**NOVALUE**,**NOVALUE**,**NOVALUE**,**NOVALUE**,**NOVALUE**,**NOVALUE**,**NOVALUE**,**NOVALUE**,**NOVALUE**,**NOVALUE**,**NOVALUE**,**NOVALUE**,**NOVALUE**,**NOVALUE**,**NOVALUE**,**NOVALUE**,**NOVALUE**,**NOVALUE**,**NOVALUE**,**NOVALUE**,**NOVALUE**,**NOVALUE**,**NOVALUE**,**NOVALUE**,**NOVALUE**,**NOVALUE**,**NOVALUE**,**NOVALUE**,**NOVALUE**,**NOVALUE**,**NOVALUE**,**NOVALUE**,**NOVALUE**,**NOVALUE**,**NOVALUE**,**NOVALUE**,**NOVALUE**,**NOVALUE**,NO_F62,**NOVALUE**,**NOVALUE**,**NOVALUE**,**NOVALUE**,**NOVALUE**,**NOVALUE**,**NOVALUE**,**NOVALUE**,**NOVALUE**,**NOVALUE**,**NOVALUE**,**NOVALUE**,**NOVALUE**,**NOVALUE**,**NOVALUE**,**NOVALUE**,**NOVALUE**,**NOVALUE**,**NOVALUE**,**NOVALUE**,**NOVALUE**,**NOVALUE**,**NOVALUE**,**NOVALUE**,**NOVALUE**,**NOVALUE**,**NOVALUE**,**NOVALUE**,**NOVALUE**,**NOVALUE**,**NOVALUE**,**NOVALUE**,**NOVALUE**,**NOVALUE**,**NOVALUE**,**NOVALUE**,**NOVALUE**,**NOVALUE**,**NOVALUE**,**NOVALUE**,**NOVALUE**,**NOVALUE**,**NOVALUE**,**NOVALUE**,**NOVALUE**,**NOVALUE**,**NOVALUE**,**NOVALUE**,**NOVALUE**,**NOVALUE**,**NOVALUE**,**NOVALUE**,**NOVALUE**,**NOVALUE**,**NOVALUE**,**NOVALUE**,**NOVALUE**,**NOVALUE**,**NOVALUE**,**NOVALUE**,NO_TAG,**NOVALUE**,**NOVALUE**,**NOVALUE**,**NOVALUE**,**SYSTEM**,**END**
ISO8583-93,11,1,E-commerce Purchase,ISO8583-93.11.1,YES,NO,**NOVALUE**,00,**NOVALUE**,**NOVALUE**,DummyCard1,Account/PAN,1,0100,9876500000306082,000000,000000001000,**NOVALUE**,**NOVALUE**,**SYSTEM**,**NOVALUE**,**NOVALUE**,**NOVALUE**,**SYSTEM**,**SYSTEM**,**SYSTEM**,**SYSTEM**,**NOVALUE**,**NOVALUE**,**NOVALUE**,5999,**NOVALUE**,**NOVALUE**,**NOVALUE**,020000020000,000,**NOVALUE**,00,5399,**NOVALUE**,000000000,**NOVALUE**,**NOVALUE**,**NOVALUE**,27610000001,27610000003,**NOVALUE**,**SYSTEM**,**NOVALUE**,**SYSTEM**,**NOVALUE**,**NOVALUE**,**NOVALUE**,20390059,111120000012,contact@neaPay.com\Almere-Amsterdam\Netherlands\ iso8583-simulator,**NOVALUE**,**NOVALUE**,**NOVALUE**,**NOVALUE**,**NOVALUE**,NO_F48,566,**NOVALUE**,566,**SYSTEM**,**NOVALUE**,**NOVALUE**,**NOVALUE**,**NOVALUE**,**NOVALUE**,**NOVALUE**,**NOVALUE**,**NOVALUE**,**NOVALUE**,**NOVALUE**,**NOVALUE**,**NOVALUE**,**NOVALUE**,**NOVALUE**,**NOVALUE**,**NOVALUE**,**NOVALUE**,**NOVALUE**,**NOVALUE**,**NOVALUE**,**NOVALUE**,**NOVALUE**,**NOVALUE**,**NOVALUE**,**NOVALUE**,**NOVALUE**,**NOVALUE**,**NOVALUE**,**NOVALUE**,**NOVALUE**,**NOVALUE**,**NOVALUE**,**NOVALUE**,**NOVALUE**,**NOVALUE**,**NOVALUE**,**NOVALUE**,**NOVALUE**,**NOVALUE**,**NOVALUE**,**NOVALUE**,**NOVALUE**,**NOVALUE**,**NOVALUE**,NO_F62,**NOVALUE**,**NOVALUE**,**NOVALUE**,**NOVALUE**,**NOVALUE**,**NOVALUE**,**NOVALUE**,**NOVALUE**,**NOVALUE**,**NOVALUE**,**NOVALUE**,**NOVALUE**,**NOVALUE**,**NOVALUE**,**NOVALUE**,**NOVALUE**,**NOVALUE**,**NOVALUE**,**NOVALUE**,**NOVALUE**,**NOVALUE**,**NOVALUE**,**NOVALUE**,**NOVALUE**,**NOVALUE**,**NOVALUE**,**NOVALUE**,**NOVALUE**,**NOVALUE**,**NOVALUE**,**NOVALUE**,**NOVALUE**,**NOVALUE**,**NOVALUE**,**NOVALUE**,**NOVALUE**,**NOVALUE**,**NOVALUE**,**NOVALUE**,**NOVALUE**,**NOVALUE**,**NOVALUE**,**NOVALUE**,**NOVALUE**,**NOVALUE**,**NOVALUE**,**NOVALUE**,**NOVALUE**,**NOVALUE**,**NOVALUE**,**NOVALUE**,**NOVALUE**,**NOVALUE**,**NOVALUE**,**NOVALUE**,**NOVALUE**,**NOVALUE**,**NOVALUE**,**NOVALUE**,**NOVALUE**,NO_TAG,**NOVALUE**,**NOVALUE**,**NOVALUE**,**NOVALUE**,**SYSTEM**,**END**
ISO8583-93,12,1,E-commerce Purchase Reversal,ISO8583-93.12.1,YES,NO,**NOVALUE**,00,**NOVALUE**,**NOVALUE**,DummyCard1,Account/PAN,1,0420,**PREV_RQST**,**PREV_RQST**,**PREV_RQST**,**NOVALUE**,**NOVALUE**,**SYSTEM**,**NOVALUE**,**NOVALUE**,**NOVALUE**,**SYSTEM**,**SYSTEM**,**SYSTEM**,**SYSTEM**,**NOVALUE**,**NOVALUE**,**NOVALUE**,5999,**NOVALUE**,**NOVALUE**,**NOVALUE**,020000020000,000,**NOVALUE**,00,5399,**NOVALUE**,000000000,**NOVALUE**,**NOVALUE**,**NOVALUE**,27610000001,27610000003,**NOVALUE**,**SYSTEM**,**NOVALUE**,**PREV_RQST**,**NOVALUE**,**NOVALUE**,**NOVALUE**,**PREV_RQST**,**PREV_RQST**,**PREV_RQST**,**NOVALUE**,**NOVALUE**,**NOVALUE**,**NOVALUE**,**NOVALUE**,NO_F48,**PREV_RQST**,**NOVALUE**,**PREV_RQST**,**SYSTEM**,**NOVALUE**,**NOVALUE**,**NOVALUE**,**NOVALUE**,**NOVALUE**,**NOVALUE**,**NOVALUE**,**NOVALUE**,**NOVALUE**,**NOVALUE**,**NOVALUE**,**NOVALUE**,**NOVALUE**,**NOVALUE**,**NOVALUE**,**NOVALUE**,**NOVALUE**,**NOVALUE**,**NOVALUE**,**NOVALUE**,**NOVALUE**,**NOVALUE**,**NOVALUE**,**NOVALUE**,**NOVALUE**,**NOVALUE**,**NOVALUE**,**NOVALUE**,**NOVALUE**,**NOVALUE**,**NOVALUE**,**NOVALUE**,**NOVALUE**,**NOVALUE**,**NOVALUE**,**NOVALUE**,**NOVALUE**,**NOVALUE**,**NOVALUE**,**NOVALUE**,**NOVALUE**,**NOVALUE**,**NOVALUE**,**NOVALUE**,NO_F62,**NOVALUE**,**NOVALUE**,**NOVALUE**,**NOVALUE**,**NOVALUE**,**NOVALUE**,**NOVALUE**,**NOVALUE**,**NOVALUE**,**NOVALUE**,**NOVALUE**,**NOVALUE**,**NOVALUE**,**NOVALUE**,**NOVALUE**,**NOVALUE**,**NOVALUE**,**NOVALUE**,**NOVALUE**,**NOVALUE**,**NOVALUE**,**NOVALUE**,**NOVALUE**,**NOVALUE**,**NOVALUE**,**NOVALUE**,**NOVALUE**,**NOVALUE**,**NOVALUE**,**NOVALUE**,**NOVALUE**,**NOVALUE**,**NOVALUE**,**NOVALUE**,**NOVALUE**,**NOVALUE**,**NOVALUE**,**NOVALUE**,**NOVALUE**,**NOVALUE**,**NOVALUE**,**NOVALUE**,**NOVALUE**,**NOVALUE**,**NOVALUE**,**NOVALUE**,**NOVALUE**,**NOVALUE**,**NOVALUE**,**NOVALUE**,**NOVALUE**,**NOVALUE**,**NOVALUE**,**NOVALUE**,**NOVALUE**,**NOVALUE**,**NOVALUE**,**NOVALUE**,**NOVALUE**,**NOVALUE**,NO_TAG,**NOVALUE**,**NOVALUE**,**NOVALUE**,**NOVALUE**,**SYSTEM**,**END**
ISO8583-93,11,1,Mail/Telephone Purchase Sleep,ISO8583-93.11.1,YES,NO,**NOVALUE**,00,**NOVALUE**,5,DummyCard1,Account/PAN,1,0100,9876500000306082,000000,000000001000,**NOVALUE**,**NOVALUE**,**SYSTEM**,**NOVALUE**,**NOVALUE**,**NOVALUE**,**SYSTEM**,**SYSTEM**,**SYSTEM**,**SYSTEM**,**NOVALUE**,**NOVALUE**,**NOVALUE**,5999,**NOVALUE**,**NOVALUE**,**NOVALUE**,020000020000,000,**NOVALUE**,00,5399,**NOVALUE**,000000000,**NOVALUE**,**NOVALUE**,**NOVALUE**,27610000001,27610000003,**NOVALUE**,**SYSTEM**,**NOVALUE**,**SYSTEM**,**NOVALUE**,**NOVALUE**,**NOVALUE**,20390059,111120000012,contact@neaPay.com\Almere-Amsterdam\Netherlands\ iso8583-simulator,**NOVALUE**,**NOVALUE**,**NOVALUE**,**NOVALUE**,**NOVALUE**,NO_F48,566,**NOVALUE**,566,**SYSTEM**,**NOVALUE**,**NOVALUE**,**NOVALUE**,**NOVALUE**,**NOVALUE**,**NOVALUE**,**NOVALUE**,**NOVALUE**,**NOVALUE**,**NOVALUE**,**NOVALUE**,**NOVALUE**,**NOVALUE**,**NOVALUE**,**NOVALUE**,**NOVALUE**,**NOVALUE**,**NOVALUE**,**NOVALUE**,**NOVALUE**,**NOVALUE**,**NOVALUE**,**NOVALUE**,**NOVALUE**,**NOVALUE**,**NOVALUE**,**NOVALUE**,**NOVALUE**,**NOVALUE**,**NOVALUE**,**NOVALUE**,**NOVALUE**,**NOVALUE**,**NOVALUE**,**NOVALUE**,**NOVALUE**,**NOVALUE**,**NOVALUE**,**NOVALUE**,**NOVALUE**,**NOVALUE**,**NOVALUE**,**NOVALUE**,**NOVALUE**,NO_F62,**NOVALUE**,**NOVALUE**,**NOVALUE**,**NOVALUE**,**NOVALUE**,**NOVALUE**,**NOVALUE**,**NOVALUE**,**NOVALUE**,**NOVALUE**,**NOVALUE**,**NOVALUE**,**NOVALUE**,**NOVALUE**,**NOVALUE**,**NOVALUE**,**NOVALUE**,**NOVALUE**,**NOVALUE**,**NOVALUE**,**NOVALUE**,**NOVALUE**,**NOVALUE**,**NOVALUE**,**NOVALUE**,**NOVALUE**,**NOVALUE**,**NOVALUE**,**NOVALUE**,**NOVALUE**,**NOVALUE**,**NOVALUE**,**NOVALUE**,**NOVALUE**,**NOVALUE**,**NOVALUE**,**NOVALUE**,**NOVALUE**,**NOVALUE**,**NOVALUE**,**NOVALUE**,**NOVALUE**,**NOVALUE**,**NOVALUE**,**NOVALUE**,**NOVALUE**,**NOVALUE**,**NOVALUE**,**NOVALUE**,**NOVALUE**,**NOVALUE**,**NOVALUE**,**NOVALUE**,**NOVALUE**,**NOVALUE**,**NOVALUE**,**NOVALUE**,**NOVALUE**,**NOVALUE**,**NOVALUE**,NO_TAG,**NOVALUE**,**NOVALUE**,**NOVALUE**,**NOVALUE**,**SYSTEM**,**END**
ISO8583-93,13,1,ATM Balance Inquiry,ISO8583-93.13.1,YES,NO,**NOVALUE**,00,**NOVALUE**,**NOVALUE**,DummyCard1,Account/PAN,1,0200,9876500000306082,310000,000000001000,**NOVALUE**,**NOVALUE**,**SYSTEM**,**NOVALUE**,**NOVALUE**,**NOVALUE**,**SYSTEM**,**SYSTEM**,**SYSTEM**,**SYSTEM**,**NOVALUE**,**NOVALUE**,**NOVALUE**,5961,**NOVALUE**,**NOVALUE**,**NOVALUE**,020000020000,000,**NOVALUE**,00,6011,**NOVALUE**,000000000,**NOVALUE**,**NOVALUE**,**NOVALUE**,27610000001,27610000003,**NOVALUE**,**SYSTEM**,**NOVALUE**,**SYSTEM**,**NOVALUE**,**NOVALUE**,**NOVALUE**,20390059,111120000012,contact@neaPay.com\Almere-Amsterdam\Netherlands\ iso8583-simulator,**NOVALUE**,**NOVALUE**,**NOVALUE**,**NOVALUE**,**NOVALUE**,NO_F48,566,**NOVALUE**,566,**SYSTEM**,**NOVALUE**,**NOVALUE**,**NOVALUE**,**NOVALUE**,**NOVALUE**,**NOVALUE**,**NOVALUE**,**NOVALUE**,**NOVALUE**,**NOVALUE**,**NOVALUE**,**NOVALUE**,**NOVALUE**,**NOVALUE**,**NOVALUE**,**NOVALUE**,**NOVALUE**,**NOVALUE**,**NOVALUE**,**NOVALUE**,**NOVALUE**,**NOVALUE**,**NOVALUE**,**NOVALUE**,**NOVALUE**,**NOVALUE**,**NOVALUE**,**NOVALUE**,**NOVALUE**,**NOVALUE**,**NOVALUE**,**NOVALUE**,**NOVALUE**,**NOVALUE**,**NOVALUE**,**NOVALUE**,**NOVALUE**,**NOVALUE**,**NOVALUE**,**NOVALUE**,**NOVALUE**,**NOVALUE**,**NOVALUE**,**NOVALUE**,NO_F62,**NOVALUE**,**NOVALUE**,**NOVALUE**,**NOVALUE**,**NOVALUE**,**NOVALUE**,**NOVALUE**,**NOVALUE**,**NOVALUE**,**NOVALUE**,**NOVALUE**,**NOVALUE**,**NOVALUE**,**NOVALUE**,**NOVALUE**,**NOVALUE**,**NOVALUE**,**NOVALUE**,**NOVALUE**,**NOVALUE**,**NOVALUE**,**NOVALUE**,**NOVALUE**,**NOVALUE**,**NOVALUE**,**NOVALUE**,**NOVALUE**,**NOVALUE**,**NOVALUE**,**NOVALUE**,**NOVALUE**,**NOVALUE**,**NOVALUE**,**NOVALUE**,**NOVALUE**,**NOVALUE**,**NOVALUE**,**NOVALUE**,**NOVALUE**,**NOVALUE**,**NOVALUE**,**NOVALUE**,**NOVALUE**,**NOVALUE**,**NOVALUE**,**NOVALUE**,**NOVALUE**,**NOVALUE**,**NOVALUE**,**NOVALUE**,**NOVALUE**,**NOVALUE**,**NOVALUE**,**NOVALUE**,**NOVALUE**,**NOVALUE**,**NOVALUE**,**NOVALUE**,**NOVALUE**,**NOVALUE**,NO_TAG,**NOVALUE**,**NOVALUE**,**NOVALUE**,**NOVALUE**,**SYSTEM**,**END**
ISO8583-93,14,1,ATM Mini Statement,ISO8583-93.14.1,YES,NO,**NOVALUE**,00,**NOVALUE**,**NOVALUE**,DummyCard1,Account/PAN,1,0200,9876500000306082,380000,000000001000,**NOVALUE**,**NOVALUE**,**SYSTEM**,**NOVALUE**,**NOVALUE**,**NOVALUE**,**SYSTEM**,**SYSTEM**,**SYSTEM**,**SYSTEM**,**NOVALUE**,**NOVALUE**,**NOVALUE**,5961,**NOVALUE**,**NOVALUE**,**NOVALUE**,020000020000,000,**NOVALUE**,00,6011,**NOVALUE**,000000000,**NOVALUE**,**NOVALUE**,**NOVALUE**,27610000001,27610000003,**NOVALUE**,**SYSTEM**,**NOVALUE**,**SYSTEM**,**NOVALUE**,**NOVALUE**,**NOVALUE**,20390059,111120000012,contact@neaPay.com\Almere-Amsterdam\Netherlands\ iso8583-simulator,**NOVALUE**,**NOVALUE**,**NOVALUE**,**NOVALUE**,**NOVALUE**,NO_F48,566,**NOVALUE**,566,**SYSTEM**,**NOVALUE**,**NOVALUE**,**NOVALUE**,**NOVALUE**,**NOVALUE**,**NOVALUE**,**NOVALUE**,**NOVALUE**,**NOVALUE**,**NOVALUE**,**NOVALUE**,**NOVALUE**,**NOVALUE**,**NOVALUE**,**NOVALUE**,**NOVALUE**,**NOVALUE**,**NOVALUE**,**NOVALUE**,**NOVALUE**,**NOVALUE**,**NOVALUE**,**NOVALUE**,**NOVALUE**,**NOVALUE**,**NOVALUE**,**NOVALUE**,**NOVALUE**,**NOVALUE**,**NOVALUE**,**NOVALUE**,**NOVALUE**,**NOVALUE**,**NOVALUE**,**NOVALUE**,**NOVALUE**,**NOVALUE**,**NOVALUE**,**NOVALUE**,**NOVALUE**,**NOVALUE**,**NOVALUE**,**NOVALUE**,**NOVALUE**,NO_F62,**NOVALUE**,**NOVALUE**,**NOVALUE**,**NOVALUE**,**NOVALUE**,**NOVALUE**,**NOVALUE**,**NOVALUE**,**NOVALUE**,**NOVALUE**,**NOVALUE**,**NOVALUE**,**NOVALUE**,**NOVALUE**,**NOVALUE**,**NOVALUE**,**NOVALUE**,**NOVALUE**,**NOVALUE**,**NOVALUE**,**NOVALUE**,**NOVALUE**,**NOVALUE**,**NOVALUE**,**NOVALUE**,**NOVALUE**,**NOVALUE**,**NOVALUE**,**NOVALUE**,**NOVALUE**,**NOVALUE**,**NOVALUE**,**NOVALUE**,**NOVALUE**,**NOVALUE**,**NOVALUE**,**NOVALUE**,**NOVALUE**,**NOVALUE**,**NOVALUE**,**NOVALUE**,**NOVALUE**,**NOVALUE**,**NOVALUE**,**NOVALUE**,**NOVALUE**,**NOVALUE**,**NOVALUE**,**NOVALUE**,**NOVALUE**,**NOVALUE**,**NOVALUE**,**NOVALUE**,**NOVALUE**,**NOVALUE**,**NOVALUE**,**NOVALUE**,**NOVALUE**,**NOVALUE**,**NOVALUE**,NO_TAG,**NOVALUE**,**NOVALUE**,**NOVALUE**,**NOVALUE**,**SYSTEM**,**END**
ISO8583-93,15,1,ATM Cash Advance,ISO8583-93.15.1,YES,NO,**NOVALUE**,00,**NOVALUE**,**NOVALUE**,DummyCard1,Account/PAN,1,0200,9876500000306082,010000,000000001000,**NOVALUE**,**NOVALUE**,**SYSTEM**,**NOVALUE**,**NOVALUE**,**NOVALUE**,**SYSTEM**,**SYSTEM**,**SYSTEM**,**SYSTEM**,**NOVALUE**,**NOVALUE**,**NOVALUE**,5961,**NOVALUE**,**NOVALUE**,**NOVALUE**,020000020000,000,**NOVALUE**,00,6011,**NOVALUE**,000000000,**NOVALUE**,**NOVALUE**,**NOVALUE**,27610000001,27610000003,**NOVALUE**,**SYSTEM**,**NOVALUE**,**SYSTEM**,**NOVALUE**,**NOVALUE**,**NOVALUE**,20390059,111120000012,contact@neaPay.com\Almere-Amsterdam\Netherlands\ iso8583-simulator,**NOVALUE**,**NOVALUE**,**NOVALUE**,**NOVALUE**,**NOVALUE**,NO_F48,566,**NOVALUE**,566,**SYSTEM**,**NOVALUE**,**NOVALUE**,**NOVALUE**,**NOVALUE**,**NOVALUE**,**NOVALUE**,**NOVALUE**,**NOVALUE**,**NOVALUE**,**NOVALUE**,**NOVALUE**,**NOVALUE**,**NOVALUE**,**NOVALUE**,**NOVALUE**,**NOVALUE**,**NOVALUE**,**NOVALUE**,**NOVALUE**,**NOVALUE**,**NOVALUE**,**NOVALUE**,**NOVALUE**,**NOVALUE**,**NOVALUE**,**NOVALUE**,**NOVALUE**,**NOVALUE**,**NOVALUE**,**NOVALUE**,**NOVALUE**,**NOVALUE**,**NOVALUE**,**NOVALUE**,**NOVALUE**,**NOVALUE**,**NOVALUE**,**NOVALUE**,**NOVALUE**,**NOVALUE**,**NOVALUE**,**NOVALUE**,**NOVALUE**,**NOVALUE**,NO_F62,**NOVALUE**,**NOVALUE**,**NOVALUE**,**NOVALUE**,**NOVALUE**,**NOVALUE**,**NOVALUE**,**NOVALUE**,**NOVALUE**,**NOVALUE**,**NOVALUE**,**NOVALUE**,**NOVALUE**,**NOVALUE**,**NOVALUE**,**NOVALUE**,**NOVALUE**,**NOVALUE**,**NOVALUE**,**NOVALUE**,**NOVALUE**,**NOVALUE**,**NOVALUE**,**NOVALUE**,**NOVALUE**,**NOVALUE**,**NOVALUE**,**NOVALUE**,**NOVALUE**,**NOVALUE**,**NOVALUE**,**NOVALUE**,**NOVALUE**,**NOVALUE**,**NOVALUE**,**NOVALUE**,**NOVALUE**,**NOVALUE**,**NOVALUE**,**NOVALUE**,**NOVALUE**,**NOVALUE**,**NOVALUE**,**NOVALUE**,**NOVALUE**,**NOVALUE**,**NOVALUE**,**NOVALUE**,**NOVALUE**,**NOVALUE**,**NOVALUE**,**NOVALUE**,**NOVALUE**,**NOVALUE**,**NOVALUE**,**NOVALUE**,**NOVALUE**,**NOVALUE**,**NOVALUE**,**NOVALUE**,NO_TAG,**NOVALUE**,**NOVALUE**,**NOVALUE**,**NOVALUE**,**SYSTEM**,**END**
ISO8583-93,16,1,ATM Cash Withdrawal,ISO8583-93.16.1,YES,NO,**NOVALUE**,00,**NOVALUE**,**NOVALUE**,DummyCard1,Account/PAN,1,0200,9876500000306082,010000,000000001000,**NOVALUE**,**NOVALUE**,**SYSTEM**,**NOVALUE**,**NOVALUE**,**NOVALUE**,**SYSTEM**,**SYSTEM**,**SYSTEM**,**SYSTEM**,**NOVALUE**,**NOVALUE**,**NOVALUE**,5961,**NOVALUE**,**NOVALUE**,**NOVALUE**,020000020000,000,**NOVALUE**,00,6011,**NOVALUE**,000000000,**NOVALUE**,**NOVALUE**,**NOVALUE**,27610000001,27610000003,**NOVALUE**,**SYSTEM**,**NOVALUE**,**SYSTEM**,**NOVALUE**,**NOVALUE**,**NOVALUE**,20390059,111120000012,contact@neaPay.com\Almere-Amsterdam\Netherlands\ iso8583-simulator,**NOVALUE**,**NOVALUE**,**NOVALUE**,**NOVALUE**,**NOVALUE**,NO_F48,566,**NOVALUE**,566,**SYSTEM**,**NOVALUE**,**NOVALUE**,**NOVALUE**,**NOVALUE**,**NOVALUE**,**NOVALUE**,**NOVALUE**,**NOVALUE**,**NOVALUE**,**NOVALUE**,**NOVALUE**,**NOVALUE**,**NOVALUE**,**NOVALUE**,**NOVALUE**,**NOVALUE**,**NOVALUE**,**NOVALUE**,**NOVALUE**,**NOVALUE**,**NOVALUE**,**NOVALUE**,**NOVALUE**,**NOVALUE**,**NOVALUE**,**NOVALUE**,**NOVALUE**,**NOVALUE**,**NOVALUE**,**NOVALUE**,**NOVALUE**,**NOVALUE**,**NOVALUE**,**NOVALUE**,**NOVALUE**,**NOVALUE**,**NOVALUE**,**NOVALUE**,**NOVALUE**,**NOVALUE**,**NOVALUE**,**NOVALUE**,**NOVALUE**,**NOVALUE**,NO_F62,**NOVALUE**,**NOVALUE**,**NOVALUE**,**NOVALUE**,**NOVALUE**,**NOVALUE**,**NOVALUE**,**NOVALUE**,**NOVALUE**,**NOVALUE**,**NOVALUE**,**NOVALUE**,**NOVALUE**,**NOVALUE**,**NOVALUE**,**NOVALUE**,**NOVALUE**,**NOVALUE**,**NOVALUE**,**NOVALUE**,**NOVALUE**,**NOVALUE**,**NOVALUE**,**NOVALUE**,**NOVALUE**,**NOVALUE**,**NOVALUE**,**NOVALUE**,**NOVALUE**,**NOVALUE**,**NOVALUE**,**NOVALUE**,**NOVALUE**,**NOVALUE**,**NOVALUE**,**NOVALUE**,**NOVALUE**,**NOVALUE**,**NOVALUE**,**NOVALUE**,**NOVALUE**,**NOVALUE**,**NOVALUE**,**NOVALUE**,**NOVALUE**,**NOVALUE**,**NOVALUE**,**NOVALUE**,**NOVALUE**,**NOVALUE**,**NOVALUE**,**NOVALUE**,**NOVALUE**,**NOVALUE**,**NOVALUE**,**NOVALUE**,**NOVALUE**,**NOVALUE**,**NOVALUE**,**NOVALUE**,NO_TAG,**NOVALUE**,**NOVALUE**,**NOVALUE**,**NOVALUE**,**SYSTEM**,**END**
ISO8583-93,17,1,ATM Cash Withdrawal Decline Response Code,ISO8583-93.17.1,YES,NO,**NOVALUE**,99,**NOVALUE**,**NOVALUE**,DummyCard1,Account/PAN,1,0200,9876500000306082,010000,000000001599,**NOVALUE**,**NOVALUE**,**SYSTEM**,**NOVALUE**,**NOVALUE**,**NOVALUE**,**SYSTEM**,**SYSTEM**,**SYSTEM**,**SYSTEM**,**NOVALUE**,**NOVALUE**,**NOVALUE**,5961,**NOVALUE**,**NOVALUE**,**NOVALUE**,020000020000,000,**NOVALUE**,00,6011,**NOVALUE**,000000000,**NOVALUE**,**NOVALUE**,**NOVALUE**,27610000001,27610000003,**NOVALUE**,**SYSTEM**,**NOVALUE**,**SYSTEM**,**NOVALUE**,**NOVALUE**,**NOVALUE**,20390059,111120000012,contact@neaPay.com\Almere-Amsterdam\Netherlands\ iso8583-simulator,**NOVALUE**,**NOVALUE**,**NOVALUE**,**NOVALUE**,**NOVALUE**,NO_F48,566,**NOVALUE**,566,**SYSTEM**,**NOVALUE**,**NOVALUE**,**NOVALUE**,**NOVALUE**,**NOVALUE**,**NOVALUE**,**NOVALUE**,**NOVALUE**,**NOVALUE**,**NOVALUE**,**NOVALUE**,**NOVALUE**,**NOVALUE**,**NOVALUE**,**NOVALUE**,**NOVALUE**,**NOVALUE**,**NOVALUE**,**NOVALUE**,**NOVALUE**,**NOVALUE**,**NOVALUE**,**NOVALUE**,**NOVALUE**,**NOVALUE**,**NOVALUE**,**NOVALUE**,**NOVALUE**,**NOVALUE**,**NOVALUE**,**NOVALUE**,**NOVALUE**,**NOVALUE**,**NOVALUE**,**NOVALUE**,**NOVALUE**,**NOVALUE**,**NOVALUE**,**NOVALUE**,**NOVALUE**,**NOVALUE**,**NOVALUE**,**NOVALUE**,**NOVALUE**,NO_F62,**NOVALUE**,**NOVALUE**,**NOVALUE**,**NOVALUE**,**NOVALUE**,**NOVALUE**,**NOVALUE**,**NOVALUE**,**NOVALUE**,**NOVALUE**,**NOVALUE**,**NOVALUE**,**NOVALUE**,**NOVALUE**,**NOVALUE**,**NOVALUE**,**NOVALUE**,**NOVALUE**,**NOVALUE**,**NOVALUE**,**NOVALUE**,**NOVALUE**,**NOVALUE**,**NOVALUE**,**NOVALUE**,**NOVALUE**,**NOVALUE**,**NOVALUE**,**NOVALUE**,**NOVALUE**,**NOVALUE**,**NOVALUE**,**NOVALUE**,**NOVALUE**,**NOVALUE**,**NOVALUE**,**NOVALUE**,**NOVALUE**,**NOVALUE**,**NOVALUE**,**NOVALUE**,**NOVALUE**,**NOVALUE**,**NOVALUE**,**NOVALUE**,**NOVALUE**,**NOVALUE**,**NOVALUE**,**NOVALUE**,**NOVALUE**,**NOVALUE**,**NOVALUE**,**NOVALUE**,**NOVALUE**,**NOVALUE**,**NOVALUE**,**NOVALUE**,**NOVALUE**,**NOVALUE**,**NOVALUE**,NO_TAG,**NOVALUE**,**NOVALUE**,**NOVALUE**,**NOVALUE**,**SYSTEM**,**END**
ISO8583-93,18,1,ATM Cash Withdrawal Decline Card Not Found,ISO8583-93.18.1,YES,NO,**NOVALUE**,00,**NOVALUE**,**NOVALUE**,DummyCard1,Account/PAN,1,0200,1000000000000000,010000,000000050100,**NOVALUE**,**NOVALUE**,**SYSTEM**,**NOVALUE**,**NOVALUE**,**NOVALUE**,**SYSTEM**,**SYSTEM**,**SYSTEM**,**SYSTEM**,**NOVALUE**,**NOVALUE**,**NOVALUE**,5961,**NOVALUE**,**NOVALUE**,**NOVALUE**,020000020000,000,**NOVALUE**,00,6011,**NOVALUE**,000000000,**NOVALUE**,**NOVALUE**,**NOVALUE**,27610000001,27610000003,**NOVALUE**,**SYSTEM**,**NOVALUE**,**SYSTEM**,**NOVALUE**,**NOVALUE**,**NOVALUE**,20390059,111120000012,contact@neaPay.com\Almere-Amsterdam\Netherlands\ iso8583-simulator,**NOVALUE**,**NOVALUE**,**NOVALUE**,**NOVALUE**,**NOVALUE**,NO_F48,566,**NOVALUE**,566,**SYSTEM**,**NOVALUE**,**NOVALUE**,**NOVALUE**,**NOVALUE**,**NOVALUE**,**NOVALUE**,**NOVALUE**,**NOVALUE**,**NOVALUE**,**NOVALUE**,**NOVALUE**,**NOVALUE**,**NOVALUE**,**NOVALUE**,**NOVALUE**,**NOVALUE**,**NOVALUE**,**NOVALUE**,**NOVALUE**,**NOVALUE**,**NOVALUE**,**NOVALUE**,**NOVALUE**,**NOVALUE**,**NOVALUE**,**NOVALUE**,**NOVALUE**,**NOVALUE**,**NOVALUE**,**NOVALUE**,**NOVALUE**,**NOVALUE**,**NOVALUE**,**NOVALUE**,**NOVALUE**,**NOVALUE**,**NOVALUE**,**NOVALUE**,**NOVALUE**,**NOVALUE**,**NOVALUE**,**NOVALUE**,**NOVALUE**,**NOVALUE**,NO_F62,**NOVALUE**,**NOVALUE**,**NOVALUE**,**NOVALUE**,**NOVALUE**,**NOVALUE**,**NOVALUE**,**NOVALUE**,**NOVALUE**,**NOVALUE**,**NOVALUE**,**NOVALUE**,**NOVALUE**,**NOVALUE**,**NOVALUE**,**NOVALUE**,**NOVALUE**,**NOVALUE**,**NOVALUE**,**NOVALUE**,**NOVALUE**,**NOVALUE**,**NOVALUE**,**NOVALUE**,**NOVALUE**,**NOVALUE**,**NOVALUE**,**NOVALUE**,**NOVALUE**,**NOVALUE**,**NOVALUE**,**NOVALUE**,**NOVALUE**,**NOVALUE**,**NOVALUE**,**NOVALUE**,**NOVALUE**,**NOVALUE**,**NOVALUE**,**NOVALUE**,**NOVALUE**,**NOVALUE**,**NOVALUE**,**NOVALUE**,**NOVALUE**,**NOVALUE**,**NOVALUE**,**NOVALUE**,**NOVALUE**,**NOVALUE**,**NOVALUE**,**NOVALUE**,**NOVALUE**,**NOVALUE**,**NOVALUE**,**NOVALUE**,**NOVALUE**,**NOVALUE**,**NOVALUE**,**NOVALUE**,NO_TAG,**NOVALUE**,**NOVALUE**,**NOVALUE**,**NOVALUE**,**SYSTEM**,**END**
ISO8583-93,19,1,ATM Cash Withdrawal Decline Limit,ISO8583-93.19.1,YES,NO,**NOVALUE**,00,**NOVALUE**,**NOVALUE**,DummyCard1,Account/PAN,1,0200,9876500000306082,010000,000000001000,**NOVALUE**,**NOVALUE**,**SYSTEM**,**NOVALUE**,**NOVALUE**,**NOVALUE**,**SYSTEM**,**SYSTEM**,**SYSTEM**,**SYSTEM**,**NOVALUE**,**NOVALUE**,**NOVALUE**,5961,**NOVALUE**,**NOVALUE**,**NOVALUE**,020000020000,000,**NOVALUE**,00,6011,**NOVALUE**,000000000,**NOVALUE**,**NOVALUE**,**NOVALUE**,27610000001,27610000003,**NOVALUE**,**SYSTEM**,**NOVALUE**,**SYSTEM**,**NOVALUE**,**NOVALUE**,**NOVALUE**,20390059,111120000012,contact@neaPay.com\Almere-Amsterdam\Netherlands\ iso8583-simulator,**NOVALUE**,**NOVALUE**,**NOVALUE**,**NOVALUE**,**NOVALUE**,NO_F48,566,**NOVALUE**,566,**SYSTEM**,**NOVALUE**,**NOVALUE**,**NOVALUE**,**NOVALUE**,**NOVALUE**,**NOVALUE**,**NOVALUE**,**NOVALUE**,**NOVALUE**,**NOVALUE**,**NOVALUE**,**NOVALUE**,**NOVALUE**,**NOVALUE**,**NOVALUE**,**NOVALUE**,**NOVALUE**,**NOVALUE**,**NOVALUE**,**NOVALUE**,**NOVALUE**,**NOVALUE**,**NOVALUE**,**NOVALUE**,**NOVALUE**,**NOVALUE**,**NOVALUE**,**NOVALUE**,**NOVALUE**,**NOVALUE**,**NOVALUE**,**NOVALUE**,**NOVALUE**,**NOVALUE**,**NOVALUE**,**NOVALUE**,**NOVALUE**,**NOVALUE**,**NOVALUE**,**NOVALUE**,**NOVALUE**,**NOVALUE**,**NOVALUE**,**NOVALUE**,NO_F62,**NOVALUE**,**NOVALUE**,**NOVALUE**,**NOVALUE**,**NOVALUE**,**NOVALUE**,**NOVALUE**,**NOVALUE**,**NOVALUE**,**NOVALUE**,**NOVALUE**,**NOVALUE**,**NOVALUE**,**NOVALUE**,**NOVALUE**,**NOVALUE**,**NOVALUE**,**NOVALUE**,**NOVALUE**,**NOVALUE**,**NOVALUE**,**NOVALUE**,**NOVALUE**,**NOVALUE**,**NOVALUE**,**NOVALUE**,**NOVALUE**,**NOVALUE**,**NOVALUE**,**NOVALUE**,**NOVALUE**,**NOVALUE**,**NOVALUE**,**NOVALUE**,**NOVALUE**,**NOVALUE**,**NOVALUE**,**NOVALUE**,**NOVALUE**,**NOVALUE**,**NOVALUE**,**NOVALUE**,**NOVALUE**,**NOVALUE**,**NOVALUE**,**NOVALUE**,**NOVALUE**,**NOVALUE**,**NOVALUE**,**NOVALUE**,**NOVALUE**,**NOVALUE**,**NOVALUE**,**NOVALUE**,**NOVALUE**,**NOVALUE**,**NOVALUE**,**NOVALUE**,**NOVALUE**,**NOVALUE**,NO_TAG,**NOVALUE**,**NOVALUE**,**NOVALUE**,**NOVALUE**,**SYSTEM**,**END**
ISO8583-93,20,1,File Update,ISO8583-93.20.1,YES,NO,**NOVALUE**,00,**NOVALUE**,**NOVALUE**,DummyCard1,Account/PAN,1,0300,9876500000306082,001000,000000001000,**NOVALUE**,**NOVALUE**,**SYSTEM**,**NOVALUE**,**NOVALUE**,**NOVALUE**,**SYSTEM**,**SYSTEM**,**SYSTEM**,**SYSTEM**,**NOVALUE**,**NOVALUE**,**NOVALUE**,5961,**NOVALUE**,**NOVALUE**,**NOVALUE**,020000020000,000,**NOVALUE**,00,5399,**NOVALUE**,000000000,**NOVALUE**,**NOVALUE**,**NOVALUE**,27610000001,27610000003,**NOVALUE**,**SYSTEM**,**NOVALUE**,**SYSTEM**,**NOVALUE**,**NOVALUE**,**NOVALUE**,20390059,111120000012,contact@neaPay.com\Almere-Amsterdam\Netherlands\ iso8583-simulator,**NOVALUE**,**NOVALUE**,**NOVALUE**,**NOVALUE**,**NOVALUE**,NO_F48,566,**NOVALUE**,566,**SYSTEM**,**NOVALUE**,**NOVALUE**,**NOVALUE**,**NOVALUE**,**NOVALUE**,**NOVALUE**,**NOVALUE**,**NOVALUE**,**NOVALUE**,**NOVALUE**,**NOVALUE**,**NOVALUE**,**NOVALUE**,**NOVALUE**,**NOVALUE**,**NOVALUE**,**NOVALUE**,**NOVALUE**,**NOVALUE**,**NOVALUE**,**NOVALUE**,**NOVALUE**,**NOVALUE**,**NOVALUE**,**NOVALUE**,**NOVALUE**,**NOVALUE**,**NOVALUE**,**NOVALUE**,**NOVALUE**,**NOVALUE**,**NOVALUE**,**NOVALUE**,**NOVALUE**,**NOVALUE**,**NOVALUE**,**NOVALUE**,**NOVALUE**,**NOVALUE**,**NOVALUE**,**NOVALUE**,**NOVALUE**,**NOVALUE**,**NOVALUE**,NO_F62,**NOVALUE**,**NOVALUE**,**NOVALUE**,**NOVALUE**,**NOVALUE**,**NOVALUE**,**NOVALUE**,**NOVALUE**,**NOVALUE**,**NOVALUE**,**NOVALUE**,**NOVALUE**,**NOVALUE**,**NOVALUE**,**NOVALUE**,**NOVALUE**,**NOVALUE**,**NOVALUE**,**NOVALUE**,**NOVALUE**,**NOVALUE**,**NOVALUE**,**NOVALUE**,**NOVALUE**,**NOVALUE**,**NOVALUE**,**NOVALUE**,**NOVALUE**,**NOVALUE**,**NOVALUE**,**NOVALUE**,**NOVALUE**,**NOVALUE**,**NOVALUE**,**NOVALUE**,**NOVALUE**,**NOVALUE**,**NOVALUE**,**NOVALUE**,**NOVALUE**,**NOVALUE**,**NOVALUE**,**NOVALUE**,**NOVALUE**,**NOVALUE**,**NOVALUE**,**NOVALUE**,**NOVALUE**,**NOVALUE**,**NOVALUE**,**NOVALUE**,**NOVALUE**,**NOVALUE**,**NOVALUE**,**NOVALUE**,**NOVALUE**,**NOVALUE**,**NOVALUE**,**NOVALUE**,**NOVALUE**,NO_TAG,**NOVALUE**,**NOVALUE**,**NOVALUE**,**NOVALUE**,**SYSTEM**,**END**
ISO8583-93,21,1,File Update Advice,ISO8583-93.21.1,YES,NO,**NOVALUE**,00,**NOVALUE**,**NOVALUE**,DummyCard1,Account/PAN,1,0320,9876500000306082,001000,000000001000,**NOVALUE**,**NOVALUE**,**SYSTEM**,**NOVALUE**,**NOVALUE**,**NOVALUE**,**SYSTEM**,**SYSTEM**,**SYSTEM**,**SYSTEM**,**NOVALUE**,**NOVALUE**,**NOVALUE**,5961,**NOVALUE**,**NOVALUE**,**NOVALUE**,020000020000,000,**NOVALUE**,00,5399,**NOVALUE**,000000000,**NOVALUE**,**NOVALUE**,**NOVALUE**,27610000001,27610000003,**NOVALUE**,**SYSTEM**,**NOVALUE**,**SYSTEM**,**NOVALUE**,**NOVALUE**,**NOVALUE**,20390059,111120000012,contact@neaPay.com\Almere-Amsterdam\Netherlands\ iso8583-simulator,**NOVALUE**,**NOVALUE**,**NOVALUE**,**NOVALUE**,**NOVALUE**,NO_F48,566,**NOVALUE**,566,**SYSTEM**,**NOVALUE**,**NOVALUE**,**NOVALUE**,**NOVALUE**,**NOVALUE**,**NOVALUE**,**NOVALUE**,**NOVALUE**,**NOVALUE**,**NOVALUE**,**NOVALUE**,**NOVALUE**,**NOVALUE**,**NOVALUE**,**NOVALUE**,**NOVALUE**,**NOVALUE**,**NOVALUE**,**NOVALUE**,**NOVALUE**,**NOVALUE**,**NOVALUE**,**NOVALUE**,**NOVALUE**,**NOVALUE**,**NOVALUE**,**NOVALUE**,**NOVALUE**,**NOVALUE**,**NOVALUE**,**NOVALUE**,**NOVALUE**,**NOVALUE**,**NOVALUE**,**NOVALUE**,**NOVALUE**,**NOVALUE**,**NOVALUE**,**NOVALUE**,**NOVALUE**,**NOVALUE**,**NOVALUE**,**NOVALUE**,**NOVALUE**,NO_F62,**NOVALUE**,**NOVALUE**,**NOVALUE**,**NOVALUE**,**NOVALUE**,**NOVALUE**,**NOVALUE**,**NOVALUE**,**NOVALUE**,**NOVALUE**,**NOVALUE**,**NOVALUE**,**NOVALUE**,**NOVALUE**,**NOVALUE**,**NOVALUE**,**NOVALUE**,**NOVALUE**,**NOVALUE**,**NOVALUE**,**NOVALUE**,**NOVALUE**,**NOVALUE**,**NOVALUE**,**NOVALUE**,**NOVALUE**,**NOVALUE**,**NOVALUE**,**NOVALUE**,**NOVALUE**,**NOVALUE**,**NOVALUE**,**NOVALUE**,**NOVALUE**,**NOVALUE**,**NOVALUE**,**NOVALUE**,**NOVALUE**,**NOVALUE**,**NOVALUE**,**NOVALUE**,**NOVALUE**,**NOVALUE**,**NOVALUE**,**NOVALUE**,**NOVALUE**,**NOVALUE**,**NOVALUE**,**NOVALUE**,**NOVALUE**,**NOVALUE**,**NOVALUE**,**NOVALUE**,**NOVALUE**,**NOVALUE**,**NOVALUE**,**NOVALUE**,**NOVALUE**,**NOVALUE**,**NOVALUE**,NO_TAG,**NOVALUE**,**NOVALUE**,**NOVALUE**,**NOVALUE**,**SYSTEM**,**END**
ISO8583-93,22,1,File Update Advice Repeat,ISO8583-93.22.1,YES,NO,**NOVALUE**,00,**NOVALUE**,**NOVALUE**,DummyCard1,Account/PAN,1,0321,9876500000306082,001000,000000001000,**NOVALUE**,**NOVALUE**,**SYSTEM**,**NOVALUE**,**NOVALUE**,**NOVALUE**,**SYSTEM**,**SYSTEM**,**SYSTEM**,**SYSTEM**,**NOVALUE**,**NOVALUE**,**NOVALUE**,5961,**NOVALUE**,**NOVALUE**,**NOVALUE**,020000020000,000,**NOVALUE**,00,5399,**NOVALUE**,000000000,**NOVALUE**,**NOVALUE**,**NOVALUE**,27610000001,27610000003,**NOVALUE**,**SYSTEM**,**NOVALUE**,**SYSTEM**,**NOVALUE**,**NOVALUE**,**NOVALUE**,20390059,111120000012,contact@neaPay.com\Almere-Amsterdam\Netherlands\ iso8583-simulator,**NOVALUE**,**NOVALUE**,**NOVALUE**,**NOVALUE**,**NOVALUE**,NO_F48,566,**NOVALUE**,566,**SYSTEM**,**NOVALUE**,**NOVALUE**,**NOVALUE**,**NOVALUE**,**NOVALUE**,**NOVALUE**,**NOVALUE**,**NOVALUE**,**NOVALUE**,**NOVALUE**,**NOVALUE**,**NOVALUE**,**NOVALUE**,**NOVALUE**,**NOVALUE**,**NOVALUE**,**NOVALUE**,**NOVALUE**,**NOVALUE**,**NOVALUE**,**NOVALUE**,**NOVALUE**,**NOVALUE**,**NOVALUE**,**NOVALUE**,**NOVALUE**,**NOVALUE**,**NOVALUE**,**NOVALUE**,**NOVALUE**,**NOVALUE**,**NOVALUE**,**NOVALUE**,**NOVALUE**,**NOVALUE**,**NOVALUE**,**NOVALUE**,**NOVALUE**,**NOVALUE**,**NOVALUE**,**NOVALUE**,**NOVALUE**,**NOVALUE**,**NOVALUE**,NO_F62,**NOVALUE**,**NOVALUE**,**NOVALUE**,**NOVALUE**,**NOVALUE**,**NOVALUE**,**NOVALUE**,**NOVALUE**,**NOVALUE**,**NOVALUE**,**NOVALUE**,**NOVALUE**,**NOVALUE**,**NOVALUE**,**NOVALUE**,**NOVALUE**,**NOVALUE**,**NOVALUE**,**NOVALUE**,**NOVALUE**,**NOVALUE**,**NOVALUE**,**NOVALUE**,**NOVALUE**,**NOVALUE**,**NOVALUE**,**NOVALUE**,**NOVALUE**,**NOVALUE**,**NOVALUE**,**NOVALUE**,**NOVALUE**,**NOVALUE**,**NOVALUE**,**NOVALUE**,**NOVALUE**,**NOVALUE**,**NOVALUE**,**NOVALUE**,**NOVALUE**,**NOVALUE**,**NOVALUE**,**NOVALUE**,**NOVALUE**,**NOVALUE**,**NOVALUE**,**NOVALUE**,**NOVALUE**,**NOVALUE**,**NOVALUE**,**NOVALUE**,**NOVALUE**,**NOVALUE**,**NOVALUE**,**NOVALUE**,**NOVALUE**,**NOVALUE**,**NOVALUE**,**NOVALUE**,**NOVALUE**,NO_TAG,**NOVALUE**,**NOVALUE**,**NOVALUE**,**NOVALUE**,**SYSTEM**,**END**
